{"loss": 0.2421107441186905, "acc": 0.9126999974250793}