{"loss": 0.23795045912265778, "acc": 0.9132000207901001}